{"cameraMode":{"drawMode":0,"name":"Shaded","section":"Shading Mode"},"sceneLighting":true,"audioPlay":false,"sceneViewState":{"m_AlwaysRefresh":false,"showFog":true,"showSkybox":true,"showFlares":true,"showImageEffects":true,"showParticleSystems":true,"showVisualEffectGraphs":true,"m_FxEnabled":true},"in2DMode":false,"pivot":{"x":-2.51334547996521,"y":0.39657580852508547,"z":-1.6237341165542603},"rotation":{"x":-0.09277321398258209,"y":0.5314126014709473,"z":-0.058371394872665408,"w":-0.8402069211006165},"size":2.3858962059020998,"orthographic":false}