{"cameraMode":{"drawMode":0,"name":"Shaded","section":"Shading Mode"},"sceneLighting":true,"audioPlay":false,"sceneViewState":{"m_AlwaysRefresh":false,"showFog":true,"showSkybox":true,"showFlares":true,"showImageEffects":true,"showParticleSystems":true,"showVisualEffectGraphs":true,"m_FxEnabled":true},"in2DMode":false,"pivot":{"x":-1.7273504734039307,"y":2.7468104362487795,"z":5.634859561920166},"rotation":{"x":-0.014243162237107754,"y":-0.985811710357666,"z":0.12279696762561798,"w":-0.1154991015791893},"size":0.9049965143203735,"orthographic":false}