{"cameraMode":{"drawMode":0,"name":"Shaded","section":"Shading Mode"},"sceneLighting":true,"audioPlay":false,"sceneViewState":{"m_AlwaysRefresh":false,"showFog":true,"showSkybox":true,"showFlares":true,"showImageEffects":true,"showParticleSystems":true,"showVisualEffectGraphs":true,"m_FxEnabled":true},"in2DMode":false,"pivot":{"x":-49.76972198486328,"y":102.26837158203125,"z":-116.83297729492188},"rotation":{"x":0.1678934395313263,"y":0.11242204904556275,"z":-0.019284740090370179,"w":0.9792032837867737},"size":104.35433197021485,"orthographic":false}