{"cameraMode":{"drawMode":0,"name":"Shaded","section":"Shading Mode"},"sceneLighting":true,"audioPlay":false,"sceneViewState":{"m_AlwaysRefresh":false,"showFog":true,"showSkybox":true,"showFlares":true,"showImageEffects":true,"showParticleSystems":true,"showVisualEffectGraphs":true,"m_FxEnabled":true},"in2DMode":false,"pivot":{"x":0.1242145225405693,"y":1.2495348453521729,"z":-3.5565133094787599},"rotation":{"x":0.054506558924913409,"y":0.9424908757209778,"z":-0.268830269575119,"w":0.19193169474601746},"size":0.5095728039741516,"orthographic":false}